{"web":{"client_id":"532441639887-teg0cgpteon9vrh1qsb49u4l7nt9qovg.apps.googleusercontent.com","project_id":"aryala-csci201-assignment2","auth_uri":"https://accounts.google.com/o/oauth2/auth","token_uri":"https://www.googleapis.com/oauth2/v3/token","auth_provider_x509_cert_url":"https://www.googleapis.com/oauth2/v1/certs","client_secret":"vaJG3uUFYowwziNajEnAO0dz","redirect_uris":["http://localhost:8080/aryala_CSCI201L_Assignment2/LoggedInPage.jsp","http://localhost:8080/aryala_CSCI201L_Assignment2/SignInPage.jsp","http://localhost:8080/aryala_CSCI201L_Assignment2/ProfilePage.jsp"],"javascript_origins":["http://localhost:8080","http://localhost"]}}